,player_id,year,Age,AB,H,HR,AVG,SLG,OBP,OPS,RBI,SB,Last Name,First Name
0,405395,2019,39,491,120,23,0.244,0.43,0.305,0.735,93,3,Pujols,Albert
1,408234,2019,36,493,139,12,0.282,0.398,0.346,0.744,59,0,Cabrera,Miguel
2,425783,2019,36,563,149,24,0.265,0.455,0.371,0.826,61,15,Choo,Shin-Soo
3,430945,2019,33,485,126,16,0.26,0.414,0.313,0.727,67,2,Jones,Adam
4,443558,2019,38,454,141,41,0.311,0.639,0.392,1.031,108,0,Cruz Jr.,Nelson
5,446334,2019,33,453,115,20,0.254,0.437,0.325,0.762,69,3,Longoria,Evan
6,451594,2019,33,487,116,19,0.238,0.409,0.346,0.755,67,8,Fowler,Dexter
7,452678,2019,33,447,116,18,0.26,0.441,0.342,0.783,91,4,Cabrera,Asdrúbal
8,453568,2019,32,580,182,32,0.314,0.576,0.364,0.94,86,2,Blackmon,Charlie
9,456715,2019,33,562,146,11,0.26,0.372,0.325,0.697,48,18,Cain,Lorenzo
10,457759,2019,34,479,139,27,0.29,0.509,0.372,0.881,67,2,Turner,Justin
11,458015,2019,35,525,137,15,0.261,0.411,0.357,0.768,47,5,Votto,Joey
12,458731,2019,35,491,123,28,0.251,0.503,0.325,0.828,74,10,Gardner,Brett
13,460075,2019,35,459,131,22,0.285,0.505,0.343,0.848,75,11,Braun,Ryan
14,460086,2019,35,556,148,13,0.266,0.396,0.345,0.741,76,5,Gordon,Alex
15,462101,2019,30,600,165,12,0.275,0.393,0.313,0.706,72,31,Andrus,Elvis
16,467092,2019,31,473,136,14,0.288,0.416,0.351,0.767,73,1,Ramos,Wilson
17,467793,2019,33,573,161,34,0.281,0.515,0.397,0.912,93,4,Santana,Carlos
18,474832,2019,31,526,123,17,0.234,0.403,0.339,0.742,57,4,Belt,Brandon
19,488726,2019,32,575,179,22,0.311,0.503,0.372,0.875,90,3,Brantley Jr.,Michael
20,493329,2019,35,564,168,31,0.298,0.541,0.343,0.884,104,5,Gurriel,Yuli
21,500743,2019,30,483,137,5,0.284,0.379,0.331,0.71,46,9,Rojas,Miguel
22,500871,2019,30,636,171,35,0.269,0.511,0.32,0.831,118,5,Escobar,Eduardo
23,501981,2019,31,481,106,23,0.22,0.387,0.293,0.68,73,0,Davis,Khris
24,502054,2019,31,567,155,21,0.273,0.45,0.369,0.819,68,25,Pham,Tommy
25,502110,2019,31,575,175,36,0.304,0.557,0.383,0.94,105,2,Martinez,J.D.
26,502210,2019,32,501,138,14,0.275,0.409,0.319,0.728,56,5,Reddick,Josh
27,502671,2019,31,597,155,34,0.26,0.476,0.346,0.822,97,3,Goldschmidt,Paul
28,514888,2019,29,500,149,31,0.298,0.55,0.353,0.903,74,6,Altuve,Jose
29,514917,2019,29,612,171,14,0.279,0.408,0.333,0.741,71,9,Hernández,César
30,516416,2019,29,576,161,12,0.28,0.42,0.323,0.743,60,10,Segura,Jean
31,516770,2019,29,636,172,22,0.27,0.436,0.3,0.736,86,2,Castro,Starlin
32,516782,2019,30,539,159,23,0.295,0.503,0.342,0.845,82,25,Marte,Starling
33,518626,2019,33,549,142,37,0.259,0.521,0.379,0.9,94,4,Donaldson,Josh
34,518692,2019,29,597,176,38,0.295,0.549,0.389,0.938,121,6,Freeman,Freddie
35,518735,2019,30,513,126,28,0.246,0.468,0.38,0.848,77,5,Grandal,Yasmani
36,518792,2019,29,513,129,21,0.251,0.429,0.343,0.772,62,8,Heyward,Jason
37,518934,2019,30,602,197,26,0.327,0.518,0.375,0.893,102,5,LeMahieu,DJ
38,519058,2019,30,523,133,35,0.254,0.516,0.329,0.845,87,3,Moustakas,Mike
39,519203,2019,29,512,150,27,0.293,0.52,0.405,0.925,94,5,Rizzo,Anthony
40,520471,2019,29,557,145,23,0.26,0.438,0.296,0.734,70,4,Galvis,Freddy
41,541645,2019,28,489,138,20,0.282,0.464,0.332,0.796,72,10,García,Avisaíl
42,542303,2019,28,485,117,29,0.241,0.472,0.328,0.8,89,12,Ozuna,Marcell
43,542340,2019,28,642,176,24,0.274,0.453,0.339,0.792,73,40,Villar,Jonathan
44,542454,2019,28,474,134,28,0.283,0.534,0.324,0.858,81,21,Santana,Danny
45,543063,2019,32,500,114,11,0.228,0.35,0.304,0.654,59,3,Crawford,Brandon
46,543333,2019,29,619,164,22,0.265,0.425,0.31,0.735,99,0,Hosmer,Eric
47,543401,2019,32,458,112,17,0.245,0.41,0.304,0.714,65,7,Kipnis,Jason
48,543685,2019,29,545,174,34,0.319,0.598,0.412,1.01,126,5,Rendon,Anthony
49,543760,2019,28,657,187,33,0.285,0.522,0.369,0.891,92,10,Semien,Marcus
50,543807,2019,29,479,140,39,0.292,0.591,0.383,0.974,96,6,Springer III,George
51,543877,2019,28,482,133,23,0.276,0.477,0.32,0.797,72,4,Vázquez,Christian
52,543939,2019,28,478,136,11,0.285,0.423,0.361,0.784,59,24,Wong,Kolten
53,544725,2019,28,577,161,8,0.279,0.378,0.31,0.688,40,15,Garcia,Leury
54,545341,2019,27,586,136,31,0.232,0.457,0.28,0.737,80,2,Grichuk,Randal
55,545361,2019,27,470,137,45,0.291,0.645,0.438,1.083,104,11,Trout,Mike
56,547180,2019,26,573,149,35,0.26,0.51,0.372,0.882,114,15,Harper,Bryce
57,547989,2019,32,634,180,33,0.284,0.503,0.33,0.833,123,2,Abreu,José
58,553993,2019,27,575,156,49,0.271,0.572,0.358,0.93,103,3,Suárez,Eugenio
59,570267,2019,26,451,114,21,0.253,0.441,0.329,0.77,69,8,Santana,Domingo
60,570560,2019,27,496,125,2,0.252,0.321,0.318,0.639,43,5,Sánchez,Yolmer
61,571448,2019,28,588,185,41,0.315,0.583,0.379,0.962,118,3,Arenado,Nolan
62,571970,2019,28,487,122,35,0.251,0.515,0.374,0.889,98,4,Muncy,Max
63,572228,2019,28,429,113,21,0.263,0.464,0.378,0.842,62,0,Voit III,Luke
64,572233,2019,28,529,137,29,0.259,0.476,0.348,0.824,73,8,Walker,Christian
65,578428,2019,29,504,145,11,0.288,0.407,0.318,0.725,59,6,Iglesias,Jose
66,592178,2019,27,543,153,31,0.282,0.521,0.382,0.903,77,4,Bryant,Kris
67,592206,2019,27,615,178,27,0.289,0.525,0.337,0.862,73,2,Castellanos,Nick
68,592518,2019,26,587,150,32,0.256,0.462,0.334,0.796,85,5,Machado,Manny
69,592567,2019,26,466,129,13,0.277,0.429,0.322,0.751,80,0,Moran,Colin
70,592626,2019,27,450,112,36,0.249,0.538,0.339,0.877,74,1,Pederson,Joc
71,592663,2019,28,538,148,25,0.275,0.493,0.328,0.821,83,9,Realmuto,J.T.
72,592696,2019,27,562,155,32,0.276,0.5,0.3,0.8,109,3,Rosario,Eddie
73,592885,2019,27,489,161,44,0.329,0.671,0.429,1.1,97,30,Yelich,Christian
74,593160,2019,30,681,206,16,0.302,0.463,0.348,0.811,74,20,Merrifield,Whit
75,593428,2019,26,614,190,33,0.309,0.555,0.384,0.939,117,4,Bogaerts,Xander
76,593643,2019,26,524,160,12,0.305,0.422,0.329,0.751,51,4,Alberto,Hanser
77,593871,2019,25,631,186,22,0.295,0.485,0.356,0.841,79,4,Polanco,Jorge
78,594777,2019,31,552,128,33,0.232,0.467,0.325,0.792,74,4,Calhoun,Kole
79,594809,2019,30,566,158,15,0.279,0.428,0.365,0.793,49,15,Eaton,Adam
80,595777,2019,26,459,100,20,0.218,0.41,0.301,0.711,67,9,Profar,Jurickson
81,595879,2019,26,531,149,29,0.281,0.531,0.316,0.847,85,11,Báez,Javier
82,596019,2019,25,598,170,32,0.284,0.518,0.335,0.853,74,22,Lindor,Francisco
83,596059,2019,25,522,107,30,0.205,0.439,0.283,0.722,93,11,Odor,Rougned
84,596115,2019,26,588,173,35,0.294,0.554,0.363,0.917,85,23,Story,Trevor
85,596129,2019,26,462,96,30,0.208,0.439,0.341,0.78,76,0,Vogelbach,Daniel
86,596146,2019,26,524,132,36,0.252,0.519,0.336,0.855,90,1,Kepler,Max
87,598265,2019,29,494,111,21,0.225,0.421,0.317,0.738,62,8,Bradley Jr.,Jackie
88,600524,2019,25,541,132,31,0.244,0.46,0.311,0.771,90,1,Núñez,Renato
89,605113,2019,29,556,141,19,0.254,0.437,0.316,0.753,82,8,Ahmed,Nick
90,605119,2019,26,459,120,20,0.261,0.468,0.342,0.81,66,5,Anderson,Brian
91,605137,2019,26,527,146,37,0.277,0.569,0.367,0.936,116,0,Bell,Josh
92,605141,2019,26,597,176,29,0.295,0.524,0.391,0.915,80,16,Betts,Mookie
93,605480,2019,26,510,116,6,0.227,0.335,0.3,0.635,37,46,Smith,Mallex
94,606115,2019,24,494,110,15,0.223,0.35,0.283,0.633,59,8,Arcia,Orlando
95,606466,2019,25,569,187,32,0.329,0.592,0.389,0.981,92,10,Marte,Ketel
96,607208,2019,26,521,155,19,0.298,0.497,0.353,0.85,57,35,Turner,Trea
97,607680,2019,30,611,158,21,0.259,0.432,0.287,0.719,88,14,Pillar,Kevin
98,608070,2019,26,482,123,23,0.255,0.479,0.327,0.806,83,24,Ramírez,José
99,608324,2019,25,554,164,41,0.296,0.592,0.423,1.015,112,5,Bregman,Alex
100,608369,2019,25,489,133,19,0.272,0.483,0.335,0.818,87,1,Seager,Corey
101,614177,2019,23,494,123,37,0.249,0.512,0.31,0.822,81,0,Reyes,Franmil
102,621020,2019,25,483,121,17,0.251,0.422,0.325,0.747,65,10,Swanson,Dansby
103,621028,2019,25,493,152,12,0.308,0.446,0.353,0.799,64,16,Newman,Kevin
104,621566,2019,25,483,129,36,0.267,0.545,0.351,0.896,91,0,Olson,Matt
105,624413,2019,24,597,155,53,0.26,0.583,0.358,0.941,120,1,Alonso,Pete
106,624424,2019,26,549,141,33,0.257,0.494,0.363,0.857,92,7,Conforto,Michael
107,624428,2019,27,554,154,10,0.278,0.417,0.336,0.753,50,5,Frazier,Adam
108,624577,2019,28,555,148,24,0.267,0.458,0.327,0.785,84,19,Puig,Yasiel
109,624585,2019,27,589,156,48,0.265,0.569,0.354,0.923,117,3,Soler,Jorge
110,640457,2019,24,530,154,33,0.291,0.558,0.364,0.922,89,12,Meadows,Austin
111,641313,2019,26,498,167,18,0.335,0.508,0.357,0.865,56,17,Anderson,Tim
112,641355,2019,23,558,170,47,0.305,0.629,0.406,1.035,115,15,Bellinger,Cody
113,641531,2019,27,523,146,26,0.279,0.522,0.348,0.87,84,2,Dozier,Hunter
114,641820,2019,27,602,175,35,0.291,0.535,0.364,0.899,97,1,Mancini III,Trey
115,641857,2019,24,480,120,24,0.25,0.45,0.329,0.779,83,5,McMahon,Ryan
116,642708,2019,23,616,177,15,0.287,0.432,0.323,0.755,72,19,Rosario,Amed
117,642715,2019,23,531,135,20,0.254,0.418,0.317,0.735,52,4,Adames,Willy
118,643217,2019,24,541,144,13,0.266,0.431,0.343,0.774,68,10,Benintendi,Andrew
119,643446,2019,27,510,162,23,0.318,0.531,0.384,0.915,75,5,McNeil,Jeff
120,645277,2019,22,640,189,24,0.295,0.5,0.352,0.852,86,15,Albies,Ozzie
121,645302,2019,22,546,139,17,0.255,0.419,0.326,0.745,65,28,Robles,Victor
122,646240,2019,22,647,201,32,0.311,0.555,0.361,0.916,115,8,Devers,Rafael
123,650391,2019,22,468,125,31,0.267,0.513,0.315,0.828,79,0,Jiménez,Eloy
124,650402,2019,22,546,152,38,0.278,0.535,0.337,0.872,90,5,Torres,Gleyber
125,656305,2019,26,583,145,36,0.249,0.506,0.342,0.848,91,1,Chapman,Matt
126,656555,2019,26,570,129,29,0.226,0.454,0.364,0.818,85,2,Hoskins,Rhys
127,656941,2019,26,529,132,38,0.25,0.531,0.339,0.87,92,2,Schwarber,Kyle
128,657557,2019,25,583,136,30,0.233,0.444,0.318,0.762,78,9,DeJong,Paul
129,660162,2019,24,511,161,25,0.315,0.548,0.367,0.915,79,10,Moncada,Yoán
130,660670,2019,21,626,175,41,0.28,0.518,0.365,0.883,101,37,Acuña Jr.,Ronald
131,664058,2019,25,596,173,6,0.29,0.384,0.35,0.734,49,8,Fletcher,David
132,665489,2019,20,464,126,15,0.272,0.433,0.339,0.772,69,0,Guerrero Jr.,Vladimir
133,665742,2019,20,542,153,34,0.282,0.548,0.401,0.949,110,12,Soto,Juan
134,668804,2019,24,491,154,16,0.314,0.503,0.377,0.88,68,3,Reynolds,Bryan
135,408234,2020,37,204,51,10,0.25,0.417,0.329,0.746,35,1,Cabrera,Miguel
136,443558,2020,39,185,56,16,0.303,0.595,0.397,0.992,33,0,Cruz Jr.,Nelson
137,444482,2020,32,203,61,5,0.3,0.433,0.339,0.772,34,1,Peralta,David
138,446334,2020,34,193,49,7,0.254,0.425,0.297,0.722,28,0,Longoria,Evan
139,452678,2020,34,190,46,8,0.242,0.447,0.305,0.752,31,0,Cabrera,Asdrúbal
140,453568,2020,33,221,67,6,0.303,0.448,0.356,0.804,42,2,Blackmon,Charlie
141,456781,2020,32,190,62,3,0.326,0.463,0.365,0.828,29,0,Solano,Donovan
142,457705,2020,33,217,55,10,0.253,0.433,0.324,0.757,34,4,McCutchen,Andrew
143,458015,2020,36,186,42,11,0.226,0.446,0.354,0.8,22,0,Votto,Joey
144,467793,2020,34,206,41,8,0.199,0.35,0.349,0.699,30,0,Santana,Carlos
145,488726,2020,33,170,51,5,0.3,0.476,0.364,0.84,22,2,Brantley Jr.,Michael
146,493329,2020,36,211,49,6,0.232,0.384,0.274,0.658,22,0,Gurriel,Yuli
147,500871,2020,31,203,43,4,0.212,0.335,0.27,0.605,20,1,Escobar,Eduardo
148,502110,2020,32,211,45,7,0.213,0.389,0.291,0.68,27,1,Martinez,J.D.
149,502210,2020,33,188,46,4,0.245,0.378,0.316,0.694,23,1,Reddick,Josh
150,502671,2020,32,191,58,6,0.304,0.466,0.417,0.883,21,1,Goldschmidt,Paul
151,503556,2020,31,175,37,5,0.211,0.32,0.286,0.606,22,0,Gonzalez,Marwin
152,514888,2020,30,192,42,5,0.219,0.344,0.286,0.63,18,2,Altuve,Jose
153,514917,2020,30,233,66,3,0.283,0.408,0.355,0.763,20,0,Hernández,César
154,516416,2020,30,192,51,7,0.266,0.422,0.347,0.769,25,2,Segura,Jean
155,516782,2020,31,228,64,6,0.281,0.43,0.34,0.77,27,10,Marte,Starling
156,518692,2020,30,214,73,13,0.341,0.64,0.462,1.102,53,2,Freeman,Freddie
157,518735,2020,31,161,37,8,0.23,0.422,0.351,0.773,27,0,Grandal,Yasmani
158,518934,2020,31,195,71,10,0.364,0.59,0.421,1.011,27,3,LeMahieu,DJ
159,519203,2020,30,203,45,11,0.222,0.414,0.342,0.756,24,3,Rizzo,Anthony
160,527038,2020,28,198,53,12,0.268,0.515,0.315,0.83,32,1,Flores,Wilmer
161,541645,2020,29,181,43,2,0.238,0.326,0.333,0.659,15,1,García,Avisaíl
162,542303,2020,29,228,77,18,0.338,0.636,0.431,1.067,56,0,Ozuna,Marcell
163,542340,2020,29,185,43,2,0.232,0.292,0.301,0.593,15,16,Villar,Jonathan
164,542583,2020,30,188,52,8,0.277,0.457,0.352,0.809,34,0,Aguilar,Jesús
165,543063,2020,33,172,44,8,0.256,0.465,0.326,0.791,28,1,Crawford,Brandon
166,543257,2020,30,166,40,8,0.241,0.482,0.344,0.826,23,8,Grossman,Robbie
167,543305,2020,30,169,38,6,0.225,0.414,0.379,0.793,21,4,Hicks,Aaron
168,543685,2020,30,189,54,9,0.286,0.497,0.418,0.915,31,0,Rendon,Anthony
169,543760,2020,29,211,47,7,0.223,0.374,0.305,0.679,23,4,Semien,Marcus
170,543807,2020,30,189,50,14,0.265,0.54,0.359,0.899,32,1,Springer III,George
171,543877,2020,29,173,49,7,0.283,0.457,0.344,0.801,23,4,Vázquez,Christian
172,543939,2020,29,181,48,1,0.265,0.326,0.35,0.676,16,5,Wong,Kolten
173,544369,2020,30,215,61,10,0.284,0.488,0.339,0.827,40,3,Gregorius,Didi
174,545341,2020,28,216,59,12,0.273,0.481,0.312,0.793,35,1,Grichuk,Randal
175,545361,2020,28,199,56,17,0.281,0.603,0.39,0.993,46,1,Trout,Mike
176,547004,2020,26,185,41,9,0.222,0.427,0.286,0.713,32,1,Ruiz,Rio
177,547180,2020,27,190,51,13,0.268,0.542,0.42,0.962,33,8,Harper,Bryce
178,547989,2020,33,240,76,19,0.317,0.617,0.37,0.987,60,0,Abreu,José
179,553993,2020,28,198,40,15,0.202,0.47,0.312,0.782,38,2,Suárez,Eugenio
180,570481,2020,28,181,41,3,0.227,0.359,0.255,0.614,20,2,González,Erik
181,571448,2020,29,182,46,8,0.253,0.434,0.303,0.737,26,0,Arenado,Nolan
182,571970,2020,29,203,39,12,0.192,0.389,0.331,0.72,27,1,Muncy,Max
183,571976,2020,29,198,57,15,0.288,0.606,0.353,0.959,40,2,Myers,Wil
184,572041,2020,32,196,54,16,0.276,0.566,0.314,0.88,34,2,Pollock,AJ
185,572122,2020,32,203,49,9,0.241,0.433,0.355,0.788,40,5,Seager,Kyle
186,572228,2020,29,213,59,22,0.277,0.61,0.338,0.948,52,0,Voit III,Luke
187,572233,2020,29,218,59,7,0.271,0.459,0.333,0.792,34,1,Walker,Christian
188,572816,2020,31,194,50,7,0.258,0.402,0.311,0.713,17,1,Dickerson,Corey
189,573262,2020,29,192,57,10,0.297,0.568,0.4,0.968,35,2,Yastrzemski,Mike
190,575929,2020,28,189,46,7,0.243,0.407,0.356,0.763,26,1,Contreras,Willson
191,592192,2020,31,191,47,5,0.246,0.408,0.387,0.795,33,4,Canha,Mark
192,592206,2020,28,218,49,14,0.225,0.486,0.298,0.784,34,0,Castellanos,Nick
193,592518,2020,27,224,68,16,0.304,0.58,0.37,0.95,47,6,Machado,Manny
194,592567,2020,27,178,44,10,0.247,0.472,0.325,0.797,23,0,Moran,Colin
195,592663,2020,29,173,46,11,0.266,0.491,0.349,0.84,32,4,Realmuto,J.T.
196,592696,2020,28,210,54,13,0.257,0.476,0.316,0.792,42,3,Rosario,Eddie
197,592885,2020,28,200,41,12,0.205,0.43,0.356,0.786,22,4,Yelich,Christian
198,593160,2020,31,248,70,9,0.282,0.44,0.325,0.765,30,12,Merrifield,Whit
199,593428,2020,27,203,61,11,0.3,0.502,0.364,0.866,28,8,Bogaerts,Xander
200,593643,2020,27,219,62,3,0.283,0.393,0.306,0.699,22,3,Alberto,Hanser
201,593871,2020,26,209,54,4,0.258,0.354,0.304,0.658,19,4,Polanco,Jorge
202,593934,2020,27,186,38,13,0.204,0.478,0.278,0.756,25,0,Sanó,Miguel
203,594777,2020,32,190,43,16,0.226,0.526,0.338,0.864,40,1,Calhoun,Kole
204,594807,2020,31,190,45,16,0.237,0.532,0.301,0.833,33,0,Duvall,Adam
205,595777,2020,27,180,50,7,0.278,0.428,0.343,0.771,25,7,Profar,Jurickson
206,595879,2020,27,222,45,8,0.203,0.36,0.238,0.598,24,3,Báez,Javier
207,596019,2020,26,236,61,8,0.258,0.415,0.335,0.75,27,6,Lindor,Francisco
208,596115,2020,27,235,68,11,0.289,0.519,0.355,0.874,28,15,Story,Trevor
209,596146,2020,27,171,39,9,0.228,0.439,0.321,0.76,23,3,Kepler,Max
210,596748,2020,27,223,62,8,0.278,0.457,0.321,0.778,38,1,Franco,Maikel
211,598265,2020,30,191,54,7,0.283,0.45,0.364,0.814,22,5,Bradley Jr.,Jackie
212,600303,2020,31,196,55,5,0.281,0.449,0.37,0.819,25,1,La Stella,Tommy
213,600524,2020,26,195,50,12,0.256,0.492,0.324,0.816,31,0,Núñez,Renato
214,600869,2020,26,185,55,7,0.297,0.503,0.369,0.872,29,1,Candelario,Jeimer
215,605113,2020,30,199,53,5,0.266,0.402,0.327,0.729,29,4,Ahmed,Nick
216,605119,2020,27,200,51,11,0.255,0.465,0.345,0.81,38,0,Anderson,Brian
217,605137,2020,27,195,44,8,0.226,0.364,0.305,0.669,22,0,Bell,Josh
218,605141,2020,27,219,64,16,0.292,0.562,0.366,0.928,39,10,Betts,Mookie
219,605204,2020,27,190,47,6,0.247,0.389,0.371,0.76,19,0,Davis,J.D.
220,606115,2020,25,173,45,5,0.26,0.416,0.317,0.733,20,2,Arcia,Orlando
221,606132,2020,26,184,59,1,0.321,0.402,0.369,0.771,17,8,Tapia,Raimel
222,606192,2020,27,190,55,16,0.289,0.579,0.34,0.919,34,6,Hernández,Teoscar
223,606466,2020,26,181,52,2,0.287,0.409,0.323,0.732,17,1,Marte,Ketel
224,607043,2020,27,186,52,8,0.28,0.484,0.404,0.888,18,1,Nimmo,Brandon
225,607208,2020,27,233,78,12,0.335,0.588,0.394,0.982,41,11,Turner,Trea
226,607680,2020,31,208,60,6,0.288,0.462,0.336,0.798,26,5,Pillar,Kevin
227,608070,2020,27,219,64,17,0.292,0.607,0.386,0.993,46,10,Ramírez,José
228,608336,2020,26,193,35,10,0.181,0.378,0.301,0.679,26,2,Gallo,Joey
229,608369,2020,26,212,65,15,0.307,0.585,0.358,0.943,41,1,Seager,Corey
230,609275,2020,24,219,56,6,0.256,0.416,0.294,0.71,22,24,Mondesi,Adalberto
231,614177,2020,24,211,58,9,0.275,0.45,0.344,0.794,34,0,Reyes,Franmil
232,621020,2020,26,237,65,10,0.274,0.464,0.345,0.809,35,5,Swanson,Dansby
233,621035,2020,29,185,50,8,0.27,0.476,0.366,0.842,32,3,Taylor,Chris
234,621043,2020,25,201,53,5,0.264,0.383,0.326,0.709,25,0,Correa,Carlos
235,621566,2020,26,210,41,14,0.195,0.424,0.31,0.734,42,1,Olson,Matt
236,622682,2020,25,202,56,4,0.277,0.391,0.315,0.706,14,7,Reyes,Victor
237,624413,2020,25,208,48,16,0.231,0.49,0.326,0.816,35,1,Alonso,Pete
238,624415,2020,25,220,55,8,0.25,0.432,0.375,0.807,28,6,Biggio,Cavan
239,624424,2020,27,202,65,9,0.322,0.515,0.412,0.927,31,3,Conforto,Michael
240,624428,2020,28,209,48,7,0.23,0.364,0.297,0.661,23,1,Frazier,Adam
241,630105,2020,26,172,49,4,0.285,0.477,0.354,0.831,20,3,Cronenworth,Jake
242,641313,2020,27,208,67,10,0.322,0.529,0.357,0.886,21,4,Anderson,Tim
243,641355,2020,24,213,51,12,0.239,0.455,0.333,0.788,30,6,Bellinger,Cody
244,641487,2020,25,204,52,2,0.255,0.338,0.336,0.674,24,6,Crawford,J.P.
245,641531,2020,28,158,36,6,0.228,0.392,0.344,0.736,12,4,Dozier,Hunter
246,641786,2020,24,206,54,11,0.262,0.437,0.364,0.801,28,5,Lewis,Kyle
247,641857,2020,25,172,37,9,0.215,0.419,0.295,0.714,26,0,McMahon,Ryan
248,642086,2020,25,177,56,10,0.316,0.616,0.377,0.993,42,0,Smith,Dominic
249,642715,2020,24,185,48,8,0.259,0.481,0.332,0.813,23,2,Adames,Willy
250,643396,2020,25,211,59,3,0.28,0.37,0.329,0.699,10,8,Kiner-Falefa,Isiah
251,643446,2020,28,183,57,4,0.311,0.454,0.383,0.837,23,0,McNeil,Jeff
252,645302,2020,23,168,37,3,0.22,0.315,0.293,0.608,15,4,Robles,Victor
253,646240,2020,23,232,61,11,0.263,0.483,0.31,0.793,43,0,Devers,Rafael
254,650391,2020,23,213,63,14,0.296,0.559,0.332,0.891,41,0,Jiménez,Eloy
255,656941,2020,27,191,36,11,0.188,0.393,0.308,0.701,24,1,Schwarber,Kyle
256,657077,2020,24,201,62,6,0.308,0.478,0.367,0.845,15,4,Verdugo,Alex
257,657108,2020,24,182,32,8,0.176,0.346,0.252,0.598,26,1,White,Evan
258,657656,2020,25,183,39,6,0.213,0.366,0.338,0.704,25,2,Laureano,Ramón
259,660162,2020,25,200,45,6,0.225,0.385,0.32,0.705,24,0,Moncada,Yoán
260,660670,2020,22,160,40,14,0.25,0.581,0.406,0.987,29,8,Acuña Jr.,Ronald
261,663586,2020,23,188,45,8,0.239,0.415,0.301,0.716,27,0,Riley,Austin
262,663656,2020,23,209,56,9,0.268,0.512,0.325,0.837,42,8,Tucker,Kyle
263,663757,2020,23,215,54,10,0.251,0.456,0.352,0.808,26,10,Grisham,Trent
264,664023,2020,25,198,51,12,0.258,0.505,0.361,0.866,28,1,Happ,Ian
265,664040,2020,25,193,52,14,0.269,0.554,0.362,0.916,37,3,Lowe,Brandon
266,664058,2020,26,207,66,3,0.319,0.425,0.376,0.801,18,2,Fletcher,David
267,665487,2020,21,224,62,17,0.277,0.571,0.366,0.937,45,11,Tatis Jr.,Fernando
268,665489,2020,21,221,58,9,0.262,0.462,0.329,0.791,33,1,Guerrero Jr.,Vladimir
269,665742,2020,21,154,54,13,0.351,0.695,0.49,1.185,37,5,Soto,Juan
270,666971,2020,26,208,64,11,0.308,0.534,0.348,0.882,33,3,Gurriel Jr.,Lourdes
271,668804,2020,25,185,35,7,0.189,0.357,0.275,0.632,19,1,Reynolds,Bryan
272,669242,2020,25,204,51,5,0.25,0.368,0.317,0.685,26,2,Edman,Tommy
273,669256,2020,25,209,56,2,0.268,0.344,0.326,0.67,23,7,Solak,Nick
274,669374,2020,23,217,46,13,0.212,0.41,0.297,0.707,32,3,Hiura,Keston
275,670032,2020,25,169,34,1,0.201,0.266,0.286,0.552,13,0,Lopez,Nicky
276,673357,2020,22,202,47,11,0.233,0.436,0.302,0.738,31,9,Robert Jr.,Luis
277,408234,2021,38,472,121,15,0.256,0.386,0.316,0.702,75,0,Cabrera,Miguel
278,443558,2021,40,513,136,32,0.265,0.497,0.334,0.831,86,3,Cruz Jr.,Nelson
279,444482,2021,33,487,126,8,0.259,0.402,0.325,0.727,63,2,Peralta,David
280,453568,2021,34,514,139,13,0.27,0.411,0.351,0.762,78,3,Blackmon,Charlie
281,457705,2021,34,482,107,27,0.222,0.444,0.334,0.778,80,6,McCutchen,Andrew
282,457759,2021,36,533,148,27,0.278,0.471,0.361,0.832,87,3,Turner,Justin
283,458015,2021,37,448,119,36,0.266,0.563,0.375,0.938,99,1,Votto,Joey
284,462101,2021,32,497,121,3,0.243,0.32,0.294,0.614,37,12,Andrus,Elvis
285,467793,2021,35,565,121,19,0.214,0.342,0.319,0.661,69,2,Santana,Carlos
286,476704,2021,37,457,112,14,0.245,0.398,0.318,0.716,69,0,Lowrie,Jed
287,488726,2021,34,469,146,8,0.311,0.437,0.362,0.799,47,1,Brantley Jr.,Michael
288,493329,2021,37,530,169,15,0.319,0.462,0.383,0.845,81,1,Gurriel,Yuli
289,500743,2021,32,495,131,9,0.265,0.392,0.322,0.714,48,13,Rojas,Miguel
290,500871,2021,32,549,139,28,0.253,0.472,0.314,0.786,90,1,Escobar,Eduardo
291,502054,2021,33,475,109,15,0.229,0.383,0.34,0.723,49,14,Pham,Tommy
292,502110,2021,33,570,163,28,0.286,0.518,0.349,0.867,99,0,Martinez,J.D.
293,502671,2021,33,603,177,31,0.294,0.514,0.365,0.879,99,12,Goldschmidt,Paul
294,514888,2021,31,601,167,31,0.278,0.489,0.35,0.839,83,5,Altuve,Jose
295,514917,2021,31,570,132,21,0.232,0.386,0.308,0.694,62,1,Hernández,César
296,516416,2021,31,514,149,14,0.29,0.436,0.348,0.784,58,9,Segura,Jean
297,516782,2021,32,467,145,12,0.31,0.458,0.383,0.841,55,47,Marte,Starling
298,518626,2021,35,457,113,26,0.247,0.475,0.352,0.827,72,0,Donaldson,Josh
299,518692,2021,31,600,180,31,0.3,0.503,0.393,0.896,83,8,Freeman,Freddie
300,518934,2021,32,597,160,10,0.268,0.362,0.349,0.711,57,4,LeMahieu,DJ
301,519203,2021,31,496,123,22,0.248,0.44,0.344,0.784,61,6,Rizzo,Anthony
302,519317,2021,31,510,139,35,0.273,0.516,0.354,0.87,97,0,Stanton,Giancarlo
303,521692,2021,31,620,169,48,0.273,0.544,0.316,0.86,121,1,Perez,Salvador
304,541645,2021,30,461,121,29,0.262,0.49,0.33,0.82,86,8,García,Avisaíl
305,542340,2021,30,454,113,18,0.249,0.416,0.322,0.738,42,14,Villar,Jonathan
306,542583,2021,31,449,117,22,0.261,0.459,0.329,0.788,93,0,Aguilar,Jesús
307,543063,2021,34,483,144,24,0.298,0.522,0.373,0.895,90,11,Crawford,Brandon
308,543068,2021,31,470,132,28,0.281,0.53,0.375,0.905,92,1,Cron,C.J.
309,543257,2021,31,557,133,23,0.239,0.415,0.357,0.772,67,20,Grossman,Robbie
310,543281,2021,33,505,141,8,0.279,0.4,0.341,0.741,60,9,Harrison,Josh
311,543333,2021,31,509,137,12,0.269,0.395,0.337,0.732,65,5,Hosmer,Eric
312,543760,2021,30,652,173,45,0.265,0.538,0.334,0.872,102,15,Semien,Marcus
313,545341,2021,29,511,123,22,0.241,0.423,0.281,0.704,81,0,Grichuk,Randal
314,547180,2021,28,488,151,35,0.309,0.615,0.429,1.044,84,13,Harper,Bryce
315,547989,2021,34,566,148,30,0.261,0.481,0.351,0.832,117,1,Abreu,José
316,553993,2021,29,505,100,31,0.198,0.428,0.286,0.714,79,0,Suárez,Eugenio
317,570731,2021,29,623,173,22,0.278,0.435,0.32,0.755,84,2,Schoop,Jonathan
318,571448,2021,30,593,151,34,0.255,0.494,0.312,0.806,105,2,Arenado,Nolan
319,571657,2021,30,483,127,16,0.263,0.416,0.316,0.732,63,2,Farmer,Kyle
320,571745,2021,30,620,157,39,0.253,0.485,0.318,0.803,100,1,Haniger,Mitch
321,571771,2021,29,508,127,20,0.25,0.449,0.337,0.786,60,1,Hernández,Enrique
322,571970,2021,30,497,124,36,0.249,0.527,0.368,0.895,94,2,Muncy,Max
323,572122,2021,33,603,128,35,0.212,0.438,0.285,0.723,101,3,Seager,Kyle
324,572191,2021,30,483,118,12,0.244,0.356,0.297,0.653,54,14,Taylor,Michael A.
325,573262,2021,30,468,105,25,0.224,0.457,0.311,0.768,71,4,Yastrzemski,Mike
326,578428,2021,31,483,131,9,0.271,0.391,0.309,0.7,48,5,Iglesias,Jose
327,592178,2021,29,513,136,25,0.265,0.481,0.353,0.834,73,10,Bryant,Kris
328,592192,2021,32,519,120,17,0.231,0.387,0.358,0.745,61,12,Canha,Mark
329,592206,2021,29,531,164,34,0.309,0.576,0.362,0.938,100,3,Castellanos,Nick
330,592450,2021,29,550,158,39,0.287,0.544,0.373,0.917,98,6,Judge,Aaron
331,592518,2021,28,564,157,28,0.278,0.489,0.347,0.836,106,12,Machado,Manny
332,592663,2021,30,476,125,17,0.263,0.439,0.343,0.782,73,13,Realmuto,J.T.
333,592669,2021,29,521,135,31,0.259,0.501,0.315,0.816,96,1,Renfroe,Hunter
334,593160,2021,32,664,184,10,0.277,0.395,0.317,0.712,74,40,Merrifield,Whit
335,593428,2021,28,529,156,23,0.295,0.493,0.37,0.863,79,5,Bogaerts,Xander
336,593871,2021,27,588,158,33,0.269,0.503,0.323,0.826,98,11,Polanco,Jorge
337,593934,2021,28,470,105,30,0.223,0.466,0.312,0.778,75,2,Sanó,Miguel
338,594807,2021,32,513,117,38,0.228,0.491,0.281,0.772,113,5,Duvall,Adam
339,595879,2021,28,502,133,31,0.265,0.494,0.319,0.813,87,18,Báez,Javier
340,596019,2021,27,452,104,20,0.23,0.412,0.322,0.734,63,10,Lindor,Francisco
341,596115,2021,28,526,132,24,0.251,0.471,0.329,0.8,75,20,Story,Trevor
342,600869,2021,27,557,151,16,0.271,0.443,0.351,0.794,67,0,Candelario,Jeimer
343,605137,2021,28,498,130,27,0.261,0.476,0.347,0.823,88,0,Bell,Josh
344,605141,2021,28,466,123,23,0.264,0.487,0.367,0.854,58,10,Betts,Mookie
345,606132,2021,27,487,133,6,0.273,0.372,0.327,0.699,50,20,Tapia,Raimel
346,606192,2021,28,550,163,32,0.296,0.524,0.346,0.87,116,12,Hernández,Teoscar
347,607208,2021,28,595,195,28,0.328,0.536,0.375,0.911,77,32,Turner,Trea
348,608070,2021,28,552,147,36,0.266,0.538,0.355,0.893,103,27,Ramírez,José
349,608336,2021,27,498,99,38,0.199,0.458,0.351,0.809,77,6,Gallo,Joey
350,621020,2021,27,588,146,27,0.248,0.449,0.311,0.76,88,9,Swanson,Dansby
351,621028,2021,27,517,117,5,0.226,0.309,0.265,0.574,39,6,Newman,Kevin
352,621035,2021,30,507,129,20,0.254,0.438,0.344,0.782,73,13,Taylor,Chris
353,621043,2021,26,555,155,26,0.279,0.485,0.366,0.851,92,0,Correa,Carlos
354,621566,2021,27,565,153,39,0.271,0.54,0.371,0.911,111,4,Olson,Matt
355,624413,2021,26,561,147,37,0.262,0.519,0.344,0.863,94,3,Alonso,Pete
356,624428,2021,29,577,176,5,0.305,0.411,0.368,0.779,43,10,Frazier,Adam
357,624585,2021,29,516,115,27,0.223,0.432,0.316,0.748,70,0,Soler,Jorge
358,630105,2021,27,567,151,21,0.266,0.46,0.34,0.8,71,4,Cronenworth,Jake
359,640457,2021,26,518,121,27,0.234,0.458,0.315,0.773,106,4,Meadows,Austin
360,641313,2021,28,527,163,17,0.309,0.469,0.338,0.807,61,18,Anderson,Tim
361,641487,2021,26,619,169,9,0.273,0.376,0.338,0.714,54,3,Crawford,J.P.
362,641531,2021,29,487,105,16,0.216,0.394,0.285,0.679,54,5,Dozier,Hunter
363,641820,2021,29,556,142,21,0.255,0.432,0.326,0.758,71,0,Mancini III,Trey
364,641857,2021,26,528,134,23,0.254,0.449,0.331,0.78,86,6,McMahon,Ryan
365,641933,2021,26,482,138,34,0.286,0.56,0.352,0.912,80,15,O'Neill,Tyler
366,642708,2021,25,550,155,11,0.282,0.409,0.321,0.73,57,13,Rosario,Amed
367,642715,2021,25,497,130,25,0.262,0.481,0.337,0.818,73,5,Adames,Willy
368,643217,2021,26,493,136,17,0.276,0.442,0.324,0.766,73,8,Benintendi,Andrew
369,643396,2021,26,635,172,8,0.271,0.357,0.312,0.669,53,20,Kiner-Falefa,Isiah
370,645277,2021,24,629,163,30,0.259,0.488,0.31,0.798,106,20,Albies,Ozzie
371,646240,2021,24,591,165,38,0.279,0.538,0.352,0.89,113,5,Devers,Rafael
372,649966,2021,24,490,122,23,0.249,0.445,0.345,0.79,75,5,Urías,Luis
373,650402,2021,24,459,119,9,0.259,0.366,0.331,0.697,51,14,Torres,Gleyber
374,650490,2021,29,465,119,13,0.256,0.387,0.353,0.74,64,1,Díaz,Yandy
375,656305,2021,28,529,111,27,0.21,0.403,0.314,0.717,72,3,Chapman,Matt
376,656775,2021,26,602,175,30,0.291,0.518,0.36,0.878,59,30,Mullins II,Cedric
377,656976,2021,25,498,133,11,0.267,0.404,0.328,0.732,49,1,Smith,Pavin
378,657077,2021,25,544,157,13,0.289,0.426,0.351,0.777,63,6,Verdugo,Alex
379,660162,2021,26,520,137,14,0.263,0.412,0.375,0.787,61,3,Moncada,Yoán
380,660271,2021,26,537,138,46,0.257,0.592,0.372,0.964,100,26,Ohtani,Shohei
381,663586,2021,24,590,179,33,0.303,0.531,0.367,0.898,107,0,Riley,Austin
382,663624,2021,24,534,136,33,0.255,0.487,0.309,0.796,89,4,Mountcastle,Ryan
383,663656,2021,24,506,149,30,0.294,0.557,0.359,0.916,92,14,Tucker,Kyle
384,663697,2021,24,532,143,21,0.269,0.459,0.376,0.835,69,12,India,Jonathan
385,663757,2021,24,462,112,15,0.242,0.413,0.327,0.74,62,13,Grisham,Trent
386,663993,2021,25,557,147,18,0.264,0.415,0.357,0.772,72,8,Lowe,Nathaniel
387,664023,2021,26,465,105,25,0.226,0.434,0.323,0.757,66,9,Happ,Ian
388,664034,2021,26,571,166,18,0.291,0.445,0.368,0.813,73,0,France,Ty
389,664040,2021,26,535,132,39,0.247,0.523,0.34,0.863,99,7,Lowe,Brandon
390,664058,2021,27,626,164,2,0.262,0.324,0.297,0.621,47,15,Fletcher,David
391,664702,2021,26,564,153,4,0.271,0.348,0.349,0.697,48,30,Straw,Myles
392,665120,2021,27,530,147,29,0.277,0.509,0.34,0.849,98,2,Walsh,Jared
393,665487,2021,22,478,135,42,0.282,0.611,0.364,0.975,97,25,Tatis Jr.,Fernando
394,665489,2021,22,604,188,48,0.311,0.601,0.401,1.002,111,4,Guerrero Jr.,Vladimir
395,665742,2021,22,502,157,29,0.313,0.534,0.465,0.999,95,9,Soto,Juan
396,665862,2021,23,464,115,18,0.248,0.425,0.303,0.728,53,23,Chisholm Jr.,Jazz
397,666182,2021,23,640,191,29,0.298,0.484,0.343,0.827,102,25,Bichette,Bo
398,666185,2021,22,542,144,18,0.266,0.437,0.343,0.78,65,2,Carlson,Dylan
399,666969,2021,28,581,141,31,0.243,0.454,0.286,0.74,90,16,García,Adolis
400,666971,2021,27,500,138,21,0.276,0.466,0.319,0.785,84,1,Gurriel Jr.,Lourdes
401,668227,2021,26,529,145,20,0.274,0.459,0.356,0.815,69,20,Arozarena,Randy
402,668804,2021,26,559,169,24,0.302,0.522,0.39,0.912,90,5,Reynolds,Bryan
403,668942,2021,27,484,128,11,0.264,0.411,0.341,0.752,44,9,Rojas,Josh
404,669242,2021,26,641,168,11,0.262,0.387,0.308,0.695,56,30,Edman,Tommy
405,669256,2021,26,458,111,11,0.242,0.362,0.314,0.676,49,7,Solak,Nick
406,669720,2021,25,488,125,22,0.256,0.461,0.308,0.769,71,4,Hays,Austin
407,670032,2021,26,497,149,2,0.3,0.378,0.365,0.743,43,22,Lopez,Nicky
408,670541,2021,24,537,149,33,0.277,0.531,0.346,0.877,104,1,Alvarez,Yordan
409,443558,2022,41,448,105,10,0.234,0.337,0.313,0.65,64,4,Cruz Jr.,Nelson
410,453568,2022,35,530,140,16,0.264,0.419,0.314,0.733,78,4,Blackmon,Charlie
411,457705,2022,35,515,122,17,0.237,0.384,0.316,0.7,69,8,McCutchen,Andrew
412,457759,2022,37,468,130,13,0.278,0.438,0.35,0.788,81,3,Turner,Justin
413,462101,2022,33,535,133,17,0.249,0.404,0.303,0.707,58,18,Andrus,Elvis
414,467793,2022,36,431,87,19,0.202,0.376,0.316,0.692,60,0,Santana,Carlos
415,493329,2022,38,545,132,8,0.242,0.36,0.288,0.648,53,8,Gurriel,Yuli
416,500743,2022,33,471,111,6,0.236,0.323,0.283,0.606,36,9,Rojas,Miguel
417,500871,2022,33,495,119,20,0.24,0.43,0.295,0.725,69,0,Escobar,Eduardo
418,502054,2022,34,554,131,17,0.236,0.374,0.312,0.686,63,8,Pham,Tommy
419,502110,2022,34,533,146,16,0.274,0.448,0.341,0.789,62,0,Martinez,J.D.
420,502671,2022,34,561,178,35,0.317,0.578,0.404,0.982,115,7,Goldschmidt,Paul
421,514888,2022,32,527,158,28,0.3,0.533,0.387,0.92,57,18,Altuve,Jose
422,514917,2022,32,560,139,1,0.248,0.318,0.311,0.629,34,10,Hernández,César
423,516782,2022,33,466,136,16,0.292,0.468,0.347,0.815,63,18,Marte,Starling
424,518626,2022,36,478,106,15,0.222,0.374,0.308,0.682,62,2,Donaldson,Josh
425,518692,2022,32,612,199,21,0.325,0.511,0.407,0.918,100,13,Freeman,Freddie
426,518934,2022,33,467,122,12,0.261,0.377,0.357,0.734,46,4,LeMahieu,DJ
427,519203,2022,32,465,104,32,0.224,0.48,0.338,0.818,75,6,Rizzo,Anthony
428,527038,2022,30,525,120,19,0.229,0.394,0.316,0.71,71,0,Flores,Wilmer
429,542303,2022,31,470,106,23,0.226,0.413,0.274,0.687,56,2,Ozuna,Marcell
430,542583,2022,32,464,109,16,0.235,0.379,0.281,0.66,51,1,Aguilar,Jesús
431,543068,2022,32,575,148,29,0.257,0.468,0.315,0.783,102,0,Cron,C.J.
432,543760,2022,31,657,163,26,0.248,0.429,0.304,0.733,83,25,Semien,Marcus
433,543807,2022,32,513,137,25,0.267,0.472,0.342,0.814,76,14,Springer III,George
434,545341,2022,30,506,131,19,0.259,0.425,0.299,0.724,73,4,Grichuk,Randal
435,547989,2022,35,601,183,15,0.304,0.446,0.378,0.824,75,0,Abreu,José
436,553993,2022,30,543,128,31,0.236,0.459,0.332,0.791,87,0,Suárez,Eugenio
437,570482,2022,30,501,143,13,0.285,0.429,0.338,0.767,64,1,Urshela,Gio
438,570731,2022,30,481,97,11,0.202,0.322,0.239,0.561,38,5,Schoop,Jonathan
439,571448,2022,31,557,163,30,0.293,0.533,0.358,0.891,103,5,Arenado,Nolan
440,571657,2022,31,526,134,14,0.255,0.386,0.315,0.701,78,4,Farmer,Kyle
441,571970,2022,31,464,91,21,0.196,0.384,0.329,0.713,69,2,Muncy,Max
442,572041,2022,34,489,120,14,0.245,0.389,0.292,0.681,56,3,Pollock,AJ
443,572228,2022,31,500,113,22,0.226,0.402,0.308,0.71,69,1,Voit III,Luke
444,572233,2022,31,583,141,36,0.242,0.477,0.327,0.804,94,2,Walker,Christian
445,573262,2022,31,485,104,17,0.214,0.392,0.305,0.697,57,5,Yastrzemski,Mike
446,592192,2022,33,462,123,13,0.266,0.403,0.367,0.77,61,3,Canha,Mark
447,592206,2022,30,524,138,13,0.263,0.389,0.305,0.694,62,7,Castellanos,Nick
448,592273,2022,29,518,136,28,0.263,0.492,0.32,0.812,87,2,Drury,Brandon
449,592450,2022,30,570,177,62,0.311,0.686,0.425,1.111,131,16,Judge,Aaron
450,592518,2022,29,578,172,32,0.298,0.531,0.366,0.897,102,9,Machado,Manny
451,592663,2022,31,504,139,22,0.276,0.478,0.342,0.82,84,21,Realmuto,J.T.
452,592669,2022,30,474,121,29,0.255,0.492,0.315,0.807,72,1,Renfroe,Hunter
453,592885,2022,30,575,145,14,0.252,0.383,0.355,0.738,57,19,Yelich,Christian
454,593160,2022,33,504,126,11,0.25,0.375,0.298,0.673,58,16,Merrifield,Whit
455,593428,2022,29,557,171,15,0.307,0.456,0.377,0.833,73,8,Bogaerts,Xander
456,595777,2022,29,575,140,15,0.243,0.391,0.331,0.722,58,5,Profar,Jurickson
457,595879,2022,29,555,132,17,0.238,0.393,0.278,0.671,67,9,Báez,Javier
458,596019,2022,28,630,170,26,0.27,0.449,0.339,0.788,107,16,Lindor,Francisco
459,605137,2022,29,552,147,17,0.266,0.422,0.362,0.784,71,0,Bell,Josh
460,605141,2022,29,572,154,35,0.269,0.533,0.34,0.873,82,12,Betts,Mookie
461,606192,2022,29,499,133,25,0.267,0.491,0.316,0.807,77,6,Hernández,Teoscar
462,606466,2022,28,492,118,12,0.24,0.407,0.321,0.728,52,5,Marte,Ketel
463,607043,2022,29,580,159,16,0.274,0.433,0.367,0.8,64,3,Nimmo,Brandon
464,607208,2022,29,652,194,21,0.298,0.466,0.343,0.809,100,27,Turner,Trea
465,608070,2022,29,601,168,29,0.28,0.514,0.355,0.869,126,20,Ramírez,José
466,608324,2022,28,548,142,23,0.259,0.454,0.366,0.82,93,1,Bregman,Alex
467,608369,2022,28,593,145,33,0.245,0.455,0.317,0.772,83,3,Seager,Corey
468,608385,2022,28,456,100,14,0.219,0.344,0.344,0.688,53,0,Winker,Jesse
469,621020,2022,28,640,177,25,0.277,0.447,0.329,0.776,96,18,Swanson,Dansby
470,621043,2022,27,522,152,22,0.291,0.467,0.366,0.833,64,0,Correa,Carlos
471,621493,2022,28,495,139,23,0.281,0.473,0.36,0.833,65,5,Ward,Taylor
472,621550,2022,30,469,97,25,0.207,0.426,0.298,0.724,66,8,Wisdom,Patrick
473,621566,2022,28,616,148,34,0.24,0.477,0.325,0.802,103,0,Olson,Matt
474,622761,2022,27,494,109,13,0.221,0.379,0.267,0.646,50,35,Mateo,Jorge
475,623993,2022,27,574,138,33,0.24,0.455,0.318,0.773,89,0,Santander,Anthony
476,624413,2022,27,597,162,40,0.271,0.518,0.352,0.87,131,5,Alonso,Pete
477,624428,2022,30,541,129,3,0.238,0.311,0.301,0.612,42,11,Frazier,Adam
478,630105,2022,28,587,140,17,0.239,0.39,0.332,0.722,88,3,Cronenworth,Jake
479,641355,2022,26,504,106,19,0.21,0.389,0.265,0.654,68,14,Bellinger,Cody
480,641487,2022,27,518,126,6,0.243,0.336,0.339,0.675,42,3,Crawford,J.P.
481,641820,2022,30,519,124,18,0.239,0.391,0.319,0.71,63,0,Mancini III,Trey
482,641857,2022,27,529,130,20,0.246,0.414,0.327,0.741,67,7,McMahon,Ryan
483,642133,2022,27,529,116,35,0.219,0.461,0.306,0.767,89,2,Tellez,Rowdy
484,642708,2022,26,637,180,11,0.283,0.403,0.312,0.715,71,18,Rosario,Amed
485,642715,2022,26,563,134,31,0.238,0.458,0.298,0.756,98,8,Adames,Willy
486,642731,2022,26,488,127,14,0.26,0.4,0.322,0.722,62,21,Estrada,Thairo
487,643217,2022,27,461,140,5,0.304,0.399,0.373,0.772,51,8,Benintendi,Andrew
488,643393,2022,30,497,117,7,0.235,0.334,0.307,0.641,46,11,Kemp,Tony
489,643396,2022,27,483,126,4,0.261,0.327,0.314,0.641,48,22,Kiner-Falefa,Isiah
490,643446,2022,30,533,174,9,0.326,0.454,0.382,0.836,62,4,McNeil,Jeff
491,646240,2022,25,555,164,27,0.295,0.521,0.358,0.879,88,3,Devers,Rafael
492,650333,2022,25,547,173,8,0.316,0.42,0.375,0.795,49,4,Arraez,Luis
493,650402,2022,25,526,135,24,0.257,0.451,0.31,0.761,76,10,Torres,Gleyber
494,650490,2022,30,473,140,9,0.296,0.423,0.401,0.824,57,3,Díaz,Yandy
495,650859,2022,25,489,129,17,0.264,0.429,0.294,0.723,52,6,Rengifo,Luis
496,656305,2022,29,538,123,27,0.229,0.433,0.324,0.757,76,2,Chapman,Matt
497,656555,2022,29,589,145,30,0.246,0.462,0.332,0.794,79,2,Hoskins,Rhys
498,656775,2022,27,608,157,16,0.258,0.403,0.318,0.721,64,34,Mullins II,Cedric
499,656941,2022,29,577,126,46,0.218,0.504,0.323,0.827,94,10,Schwarber,Kyle
500,657041,2022,26,498,120,17,0.241,0.404,0.301,0.705,52,8,Thomas,Lane
501,657077,2022,26,593,166,11,0.28,0.405,0.328,0.733,74,1,Verdugo,Alex
502,660271,2022,27,586,160,34,0.273,0.519,0.356,0.875,95,11,Ohtani,Shohei
503,660670,2022,24,467,124,15,0.266,0.413,0.351,0.764,50,29,Acuña Jr.,Ronald
504,662139,2022,25,531,125,27,0.235,0.443,0.302,0.745,74,16,Varsho,Daulton
505,663538,2022,25,481,135,10,0.281,0.41,0.327,0.737,55,20,Hoerner,Nico
506,663586,2022,25,615,168,38,0.273,0.528,0.349,0.877,93,2,Riley,Austin
507,663624,2022,25,555,139,22,0.25,0.423,0.305,0.728,85,4,Mountcastle,Ryan
508,663647,2022,25,505,123,7,0.244,0.345,0.314,0.659,41,20,Hayes,Ke'Bryan
509,663656,2022,25,544,140,30,0.257,0.478,0.33,0.808,107,25,Tucker,Kyle
510,663757,2022,25,451,83,17,0.184,0.341,0.284,0.625,53,7,Grisham,Trent
511,663898,2022,25,527,140,13,0.266,0.408,0.325,0.733,63,0,Rodgers,Brendan
512,663993,2022,26,593,179,27,0.302,0.492,0.358,0.85,76,2,Lowe,Nathaniel
513,664023,2022,27,573,155,17,0.271,0.44,0.342,0.782,72,9,Happ,Ian
514,664034,2022,27,551,151,20,0.274,0.436,0.338,0.774,83,0,France,Ty
515,664702,2022,27,535,118,0,0.221,0.273,0.291,0.564,32,21,Straw,Myles
516,664761,2022,25,586,164,13,0.28,0.398,0.315,0.713,72,2,Bohm,Alec
517,664913,2022,29,500,115,25,0.23,0.444,0.305,0.749,73,11,Brown,Seth
518,665161,2022,24,521,132,22,0.253,0.426,0.289,0.715,63,11,Peña,Jeremy
519,665489,2022,23,638,175,32,0.274,0.48,0.339,0.819,97,8,Guerrero Jr.,Vladimir
520,665742,2022,23,524,127,27,0.242,0.452,0.401,0.853,62,6,Soto,Juan
521,665926,2022,23,491,146,17,0.297,0.466,0.371,0.837,69,20,Giménez,Andrés
522,666182,2022,24,652,189,24,0.29,0.469,0.333,0.802,93,13,Bichette,Bo
523,666969,2022,29,605,151,27,0.25,0.456,0.3,0.756,101,25,García,Adolis
524,668227,2022,27,586,154,20,0.263,0.445,0.327,0.772,89,32,Arozarena,Randy
525,668804,2022,27,542,142,27,0.262,0.461,0.345,0.806,62,7,Reynolds,Bryan
526,668942,2022,28,443,119,9,0.269,0.391,0.349,0.74,56,23,Rojas,Josh
527,669004,2022,23,460,100,18,0.217,0.393,0.313,0.706,62,2,Melendez Jr.,MJ
528,669221,2022,27,537,134,18,0.25,0.426,0.332,0.758,66,1,Murphy,Sean
529,669242,2022,27,577,153,13,0.265,0.4,0.324,0.724,57,32,Edman,Tommy
530,669257,2022,27,508,132,24,0.26,0.465,0.343,0.808,87,1,Smith,Will
531,669720,2022,26,535,134,16,0.25,0.413,0.306,0.719,60,2,Hays,Austin
532,670541,2022,25,470,144,37,0.306,0.613,0.406,1.019,97,1,Alvarez,Yordan
533,672386,2022,23,470,134,14,0.285,0.415,0.372,0.787,63,0,Kirk,Alejandro
534,673490,2022,26,517,130,11,0.251,0.383,0.325,0.708,59,12,Kim,Ha-Seong
535,677594,2022,21,511,145,28,0.284,0.509,0.345,0.854,75,25,Rodríguez,Julio
536,677951,2022,22,591,150,20,0.254,0.428,0.294,0.722,80,30,Witt Jr.,Bobby
537,680757,2022,24,563,168,6,0.298,0.4,0.373,0.773,52,19,Kwan,Steven
538,683734,2022,24,510,138,17,0.271,0.429,0.321,0.75,76,0,Vaughn,Andrew
539,457759,2023,38,558,154,23,0.276,0.455,0.345,0.8,96,4,Turner,Justin
540,467793,2023,37,550,132,23,0.24,0.429,0.318,0.747,86,6,Santana,Carlos
541,502671,2023,35,593,159,25,0.268,0.447,0.363,0.81,80,11,Goldschmidt,Paul
542,518692,2023,33,637,211,29,0.331,0.567,0.41,0.977,102,23,Freeman,Freddie
543,518934,2023,34,497,121,15,0.243,0.39,0.327,0.717,44,2,LeMahieu,DJ
544,521692,2023,33,538,137,23,0.255,0.422,0.292,0.714,80,0,Perez,Salvador
545,542303,2023,32,530,145,40,0.274,0.558,0.346,0.904,100,0,Ozuna,Marcell
546,543760,2023,32,670,185,29,0.276,0.478,0.348,0.826,100,14,Semien,Marcus
547,543807,2023,33,613,158,21,0.258,0.405,0.327,0.732,72,20,Springer III,George
548,547180,2023,30,457,134,21,0.293,0.499,0.401,0.9,72,11,Harper,Bryce
549,547989,2023,36,540,128,18,0.237,0.383,0.296,0.679,90,0,Abreu,José
550,553869,2023,32,486,130,14,0.267,0.409,0.316,0.725,72,1,Díaz,Elias
551,553993,2023,31,598,139,22,0.232,0.391,0.323,0.714,96,2,Suárez,Eugenio
552,571448,2023,32,560,149,26,0.266,0.459,0.315,0.774,93,3,Arenado,Nolan
553,571771,2023,31,465,110,11,0.237,0.357,0.289,0.646,61,4,Hernández,Enrique
554,571970,2023,32,482,102,36,0.212,0.475,0.333,0.808,105,1,Muncy,Max
555,572233,2023,32,582,150,33,0.258,0.497,0.333,0.83,103,11,Walker,Christian
556,592192,2023,34,435,114,11,0.262,0.4,0.355,0.755,62,11,Canha,Mark
557,592206,2023,31,626,170,29,0.272,0.476,0.311,0.787,106,11,Castellanos,Nick
558,592273,2023,30,485,127,26,0.262,0.497,0.306,0.803,83,0,Drury,Brandon
559,592518,2023,30,543,140,30,0.258,0.462,0.319,0.781,91,3,Machado,Manny
560,592663,2023,32,489,123,20,0.252,0.452,0.31,0.762,63,16,Realmuto,J.T.
561,592669,2023,31,498,116,20,0.233,0.416,0.297,0.713,60,0,Renfroe,Hunter
562,592696,2023,31,478,122,21,0.255,0.45,0.305,0.755,74,3,Rosario,Eddie
563,592885,2023,31,550,153,19,0.278,0.447,0.37,0.817,76,28,Yelich,Christian
564,593160,2023,34,547,149,11,0.272,0.382,0.318,0.7,67,26,Merrifield,Whit
565,593428,2023,30,596,170,19,0.285,0.44,0.35,0.79,58,19,Bogaerts,Xander
566,595777,2023,30,459,111,9,0.242,0.368,0.321,0.689,46,1,Profar,Jurickson
567,595879,2023,30,510,113,9,0.222,0.325,0.267,0.592,59,12,Báez,Javier
568,596019,2023,29,602,153,31,0.254,0.47,0.336,0.806,98,31,Lindor,Francisco
569,600869,2023,29,505,127,22,0.251,0.471,0.336,0.807,70,8,Candelario,Jeimer
570,605137,2023,30,547,135,22,0.247,0.419,0.325,0.744,74,0,Bell,Josh
571,605141,2023,30,584,179,39,0.307,0.579,0.408,0.987,107,14,Betts,Mookie
572,605204,2023,30,480,119,18,0.248,0.412,0.325,0.737,69,1,Davis,J.D.
573,606115,2023,28,488,129,17,0.264,0.42,0.321,0.741,65,1,Arcia,Orlando
574,606192,2023,30,625,161,26,0.258,0.435,0.305,0.74,93,7,Hernández,Teoscar
575,606466,2023,29,569,157,25,0.276,0.485,0.358,0.843,82,8,Marte,Ketel
576,607043,2023,30,592,162,24,0.274,0.466,0.363,0.829,68,3,Nimmo,Brandon
577,607208,2023,30,639,170,26,0.266,0.459,0.32,0.779,76,30,Turner,Trea
578,608070,2023,30,611,172,24,0.282,0.475,0.356,0.831,80,28,Ramírez,José
579,608324,2023,29,622,163,25,0.262,0.441,0.363,0.804,98,3,Bregman,Alex
580,608369,2023,29,477,156,33,0.327,0.623,0.39,1.013,96,2,Seager,Corey
581,608841,2023,31,611,168,13,0.275,0.401,0.321,0.722,89,0,Meneses,Joey
582,621020,2023,29,565,138,22,0.244,0.416,0.328,0.744,80,9,Swanson,Dansby
583,621043,2023,28,514,118,18,0.23,0.399,0.312,0.711,65,0,Correa,Carlos
584,621566,2023,29,608,172,54,0.283,0.604,0.389,0.993,139,1,Olson,Matt
585,623993,2023,28,591,152,28,0.257,0.472,0.325,0.797,95,5,Santander,Anthony
586,624413,2023,28,568,123,46,0.217,0.504,0.318,0.822,118,4,Alonso,Pete
587,624585,2023,31,504,126,36,0.25,0.512,0.341,0.853,75,1,Soler,Jorge
588,630105,2023,29,458,105,10,0.229,0.378,0.312,0.69,48,6,Cronenworth,Jake
589,641313,2023,30,493,121,1,0.245,0.296,0.286,0.582,25,13,Anderson,Tim
590,641355,2023,27,499,153,26,0.307,0.525,0.356,0.881,97,20,Bellinger,Cody
591,641487,2023,28,534,142,19,0.266,0.438,0.38,0.818,65,2,Crawford,J.P.
592,641857,2023,28,555,133,23,0.24,0.431,0.322,0.753,70,5,McMahon,Ryan
593,642086,2023,28,527,134,12,0.254,0.366,0.326,0.692,46,1,Smith,Dominic
594,642708,2023,27,510,134,6,0.263,0.378,0.305,0.683,58,15,Rosario,Amed
595,642715,2023,27,553,120,24,0.217,0.407,0.31,0.717,80,5,Adames,Willy
596,642731,2023,27,495,134,14,0.271,0.416,0.315,0.731,49,23,Estrada,Thairo
597,643217,2023,28,562,147,5,0.262,0.356,0.326,0.682,45,13,Benintendi,Andrew
598,643446,2023,31,585,158,10,0.27,0.378,0.333,0.711,55,10,McNeil,Jeff
599,645277,2023,26,596,167,33,0.28,0.513,0.336,0.849,109,13,Albies,Ozzie
600,646240,2023,26,580,157,33,0.271,0.5,0.351,0.851,100,5,Devers,Rafael
601,650333,2023,26,574,203,10,0.354,0.469,0.393,0.862,69,3,Arraez,Luis
602,650402,2023,26,596,163,25,0.273,0.453,0.347,0.8,68,13,Torres,Gleyber
603,650490,2023,31,525,173,22,0.33,0.522,0.41,0.932,78,0,Díaz,Yandy
604,650559,2023,26,579,149,19,0.257,0.411,0.304,0.715,78,4,De La Cruz,Bryan
605,656305,2023,30,509,122,17,0.24,0.424,0.33,0.754,54,4,Chapman,Matt
606,656716,2023,28,464,107,9,0.231,0.351,0.302,0.653,35,16,McKinstry,Zach
607,656941,2023,30,585,115,47,0.197,0.474,0.343,0.817,104,0,Schwarber,Kyle
608,657041,2023,27,628,168,28,0.268,0.468,0.315,0.783,86,20,Thomas,Lane
609,657077,2023,27,546,144,13,0.264,0.421,0.324,0.745,54,5,Verdugo,Alex
610,660271,2023,28,497,151,44,0.304,0.654,0.412,1.066,95,20,Ohtani,Shohei
611,660670,2023,25,643,217,41,0.337,0.596,0.416,1.012,106,73,Acuña Jr.,Ronald
612,660688,2023,24,523,136,18,0.26,0.409,0.308,0.717,67,1,Ruiz,Keibert
613,661388,2023,25,540,156,17,0.289,0.457,0.367,0.824,78,6,Contreras,William
614,662139,2023,26,527,116,20,0.22,0.389,0.285,0.674,61,16,Varsho,Daulton
615,663457,2023,25,426,111,14,0.261,0.418,0.367,0.785,46,11,Nootbaar,Lars
616,663538,2023,26,619,175,9,0.283,0.383,0.346,0.729,68,43,Hoerner,Nico
617,663586,2023,26,636,179,37,0.281,0.516,0.345,0.861,97,3,Riley,Austin
618,663647,2023,26,494,134,15,0.271,0.453,0.309,0.762,61,10,Hayes,Ke'Bryan
619,663656,2023,26,574,163,29,0.284,0.517,0.369,0.886,112,30,Tucker,Kyle
620,663697,2023,26,454,111,17,0.244,0.407,0.338,0.745,61,14,India,Jonathan
621,663728,2023,26,513,119,30,0.232,0.456,0.306,0.762,75,0,Raleigh,Cal
622,663757,2023,26,469,93,13,0.198,0.352,0.315,0.667,50,15,Grisham,Trent
623,663837,2023,26,479,125,10,0.261,0.388,0.329,0.717,44,6,Vierling,Matt
624,663886,2023,26,465,113,13,0.243,0.378,0.317,0.695,56,0,Stephenson,Tyler
625,663993,2023,27,623,163,17,0.262,0.414,0.36,0.774,82,1,Lowe,Nathaniel
626,664023,2023,28,580,144,21,0.248,0.431,0.36,0.791,84,14,Happ,Ian
627,664034,2023,28,587,147,12,0.25,0.366,0.337,0.703,58,1,France,Ty
628,664702,2023,28,462,110,1,0.238,0.297,0.301,0.598,29,20,Straw,Myles
629,664761,2023,26,558,153,20,0.274,0.437,0.327,0.764,97,4,Bohm,Alec
630,664774,2023,29,429,110,17,0.256,0.417,0.373,0.79,45,2,Wade Jr.,LaMonte
631,665161,2023,25,577,152,10,0.263,0.381,0.324,0.705,52,13,Peña,Jeremy
632,665487,2023,24,575,148,25,0.257,0.449,0.322,0.771,78,29,Tatis Jr.,Fernando
633,665489,2023,24,602,159,26,0.264,0.444,0.345,0.789,94,5,Guerrero Jr.,Vladimir
634,665742,2023,24,568,156,35,0.275,0.519,0.41,0.929,109,12,Soto,Juan
635,665750,2023,24,511,136,14,0.266,0.421,0.312,0.733,67,14,Taveras,Leody
636,665926,2023,24,557,140,15,0.251,0.399,0.314,0.713,62,30,Giménez,Andrés
637,666182,2023,25,571,175,20,0.306,0.475,0.339,0.814,73,5,Bichette,Bo
638,666969,2023,30,555,136,39,0.245,0.508,0.328,0.836,107,9,García,Adolis
639,666971,2023,29,551,144,24,0.261,0.463,0.309,0.772,82,5,Gurriel Jr.,Lourdes
640,667670,2023,28,463,114,30,0.246,0.488,0.329,0.817,69,4,Rooker Jr.,Brent
641,668227,2023,28,551,140,23,0.254,0.425,0.364,0.789,83,22,Arozarena,Randy
642,668715,2023,25,582,158,23,0.271,0.464,0.356,0.82,86,15,Steer,Spencer
643,668804,2023,28,574,151,24,0.263,0.46,0.33,0.79,84,12,Reynolds,Bryan
644,668939,2023,25,588,163,20,0.277,0.435,0.374,0.809,80,1,Rutschman,Adley
645,669004,2023,24,533,125,16,0.235,0.398,0.316,0.714,56,6,Melendez Jr.,MJ
646,669242,2023,28,479,119,13,0.248,0.399,0.307,0.706,47,27,Edman,Tommy
647,669257,2023,28,464,121,19,0.261,0.438,0.359,0.797,76,3,Smith,Will
648,669261,2023,24,447,100,26,0.224,0.454,0.339,0.793,74,13,Suwinski,Jack
649,669394,2023,27,492,123,34,0.25,0.518,0.309,0.827,80,1,Burger,Jake
650,669720,2023,27,520,143,16,0.275,0.444,0.325,0.769,67,5,Hays,Austin
651,670623,2023,24,492,123,31,0.25,0.488,0.352,0.84,98,1,Paredes,Isaac
652,670770,2023,27,488,136,18,0.279,0.467,0.352,0.819,66,27,Friedl Jr.,TJ
653,671213,2023,23,429,113,24,0.263,0.49,0.367,0.857,65,0,Casas,Triston
654,671739,2023,22,505,148,18,0.293,0.477,0.331,0.808,57,20,Harris II,Michael
655,672580,2023,23,464,126,4,0.272,0.358,0.323,0.681,50,23,Garcia,Maikel
656,673357,2023,25,546,144,38,0.264,0.542,0.315,0.857,80,20,Robert Jr.,Luis
657,673490,2023,27,538,140,17,0.26,0.398,0.351,0.749,60,38,Kim,Ha-Seong
658,673548,2023,28,515,147,20,0.285,0.485,0.357,0.842,74,6,Suzuki,Seiya
659,673962,2023,25,478,127,23,0.266,0.467,0.315,0.782,70,1,Jung,Josh
660,677594,2023,22,654,180,32,0.275,0.485,0.333,0.818,103,37,Rodríguez,Julio
661,677951,2023,23,641,177,30,0.276,0.495,0.319,0.814,96,49,Witt Jr.,Bobby
662,678662,2023,21,581,147,15,0.253,0.408,0.287,0.695,73,11,Tovar,Ezequiel
663,679529,2023,23,606,141,31,0.233,0.446,0.313,0.759,94,3,Torkelson,Spencer
664,680757,2023,25,638,171,5,0.268,0.37,0.34,0.71,54,21,Kwan,Steven
665,681082,2023,25,585,164,15,0.28,0.419,0.329,0.748,62,31,Stott,Bryson
666,681546,2023,26,483,120,23,0.248,0.437,0.353,0.79,70,16,Outman,James
667,682928,2023,22,563,138,18,0.245,0.412,0.3,0.712,64,47,Abrams,CJ
668,682998,2023,22,565,161,25,0.285,0.506,0.362,0.868,76,54,Carroll,Corbin
669,683002,2023,22,560,143,28,0.255,0.489,0.325,0.814,82,10,Henderson,Gunnar
670,683011,2023,22,541,113,21,0.209,0.383,0.283,0.666,60,24,Volpe,Anthony
671,683734,2023,25,566,146,21,0.258,0.429,0.314,0.743,80,0,Vaughn,Andrew
672,807799,2023,29,537,155,15,0.289,0.445,0.338,0.783,72,8,Yoshida,Masataka
673,453568,2024,37,40,13,1,0.325,0.575,0.372,0.947,6,1,Blackmon,Charlie
674,457759,2024,39,31,9,1,0.29,0.548,0.41,0.958,5,0,Turner,Justin
675,467793,2024,38,29,4,0,0.138,0.172,0.242,0.414,1,0,Santana,Carlos
676,502671,2024,36,40,8,1,0.2,0.275,0.319,0.594,6,0,Goldschmidt,Paul
677,514888,2024,34,44,15,3,0.341,0.636,0.408,1.044,3,0,Altuve,Jose
678,516782,2024,35,38,10,1,0.263,0.368,0.333,0.701,2,2,Marte,Starling
679,518692,2024,34,46,16,1,0.348,0.457,0.466,0.923,8,1,Freeman,Freddie
680,519203,2024,34,41,9,1,0.22,0.317,0.333,0.65,4,0,Rizzo,Anthony
681,519317,2024,34,36,9,3,0.25,0.556,0.27,0.826,6,0,Stanton,Giancarlo
682,521692,2024,34,39,13,2,0.333,0.513,0.366,0.879,9,0,Perez,Salvador
683,542303,2024,33,40,13,5,0.325,0.75,0.341,1.091,12,0,Ozuna,Marcell
684,543685,2024,34,37,6,0,0.162,0.216,0.205,0.421,0,0,Rendon,Anthony
685,543760,2024,33,40,11,1,0.275,0.375,0.396,0.771,9,0,Semien,Marcus
686,543807,2024,34,42,7,2,0.167,0.357,0.3,0.657,2,0,Springer III,George
687,545361,2024,32,37,11,5,0.297,0.757,0.381,1.138,6,2,Trout,Mike
688,547180,2024,31,34,9,3,0.265,0.588,0.359,0.947,7,1,Harper,Bryce
689,547989,2024,37,30,2,0,0.067,0.067,0.152,0.219,0,0,Abreu,José
690,553869,2024,33,30,9,1,0.3,0.4,0.333,0.733,5,0,Díaz,Elias
691,553993,2024,32,42,12,1,0.286,0.405,0.354,0.759,7,0,Suárez,Eugenio
692,571448,2024,33,46,12,0,0.261,0.326,0.271,0.597,4,0,Arenado,Nolan
693,571745,2024,33,35,9,1,0.257,0.4,0.333,0.733,4,0,Haniger,Mitch
694,571970,2024,33,44,12,1,0.273,0.409,0.353,0.762,7,0,Muncy,Max
695,572233,2024,33,45,12,3,0.267,0.489,0.353,0.842,10,0,Walker,Christian
696,592178,2024,32,32,4,1,0.125,0.219,0.263,0.482,4,0,Bryant,Kris
697,592192,2024,35,29,6,2,0.207,0.448,0.395,0.843,4,1,Canha,Mark
698,592206,2024,32,35,4,0,0.114,0.114,0.244,0.358,2,0,Castellanos,Nick
699,592273,2024,31,31,5,0,0.161,0.161,0.278,0.439,1,0,Drury,Brandon
700,592450,2024,32,40,7,2,0.175,0.375,0.333,0.708,6,0,Judge,Aaron
701,592518,2024,31,50,9,2,0.18,0.34,0.268,0.608,7,0,Machado,Manny
702,592663,2024,33,30,9,2,0.3,0.5,0.364,0.864,4,0,Realmuto,J.T.
703,592885,2024,32,30,9,4,0.3,0.7,0.382,1.082,6,2,Yelich,Christian
704,593428,2024,31,52,13,1,0.25,0.327,0.304,0.631,6,1,Bogaerts,Xander
705,593871,2024,30,40,7,1,0.175,0.25,0.267,0.517,3,0,Polanco,Jorge
706,595777,2024,31,39,12,1,0.308,0.487,0.426,0.913,7,0,Profar,Jurickson
707,596019,2024,30,40,3,1,0.075,0.175,0.208,0.383,2,0,Lindor,Francisco
708,596115,2024,31,31,7,0,0.226,0.323,0.294,0.617,4,1,Story,Trevor
709,600869,2024,30,38,7,1,0.184,0.368,0.256,0.624,4,0,Candelario,Jeimer
710,605113,2024,34,32,7,0,0.219,0.25,0.265,0.515,3,0,Ahmed,Nick
711,605137,2024,31,42,9,1,0.214,0.31,0.313,0.623,6,0,Bell,Josh
712,605141,2024,31,48,18,5,0.375,0.792,0.508,1.3,11,2,Betts,Mookie
713,605204,2024,31,34,9,2,0.265,0.5,0.324,0.824,2,0,Davis,J.D.
714,606115,2024,29,36,15,0,0.417,0.556,0.447,1.003,2,0,Arcia,Orlando
715,606192,2024,31,50,14,4,0.28,0.56,0.333,0.893,14,1,Hernández,Teoscar
716,606466,2024,30,46,13,3,0.283,0.543,0.34,0.883,7,1,Marte,Ketel
717,607043,2024,31,33,7,2,0.212,0.424,0.395,0.819,8,1,Nimmo,Brandon
718,607208,2024,31,41,11,0,0.268,0.317,0.318,0.635,3,3,Turner,Trea
719,608070,2024,31,46,12,2,0.261,0.478,0.277,0.755,9,0,Ramírez,José
720,608324,2024,30,40,9,0,0.225,0.3,0.311,0.611,2,1,Bregman,Alex
721,608336,2024,30,33,6,2,0.182,0.455,0.308,0.763,3,1,Gallo,Joey
722,608369,2024,30,38,14,1,0.368,0.474,0.442,0.916,5,0,Seager,Corey
723,608385,2024,30,26,7,0,0.269,0.308,0.457,0.765,2,0,Winker,Jesse
724,608841,2024,32,38,8,0,0.211,0.237,0.295,0.532,2,0,Meneses,Joey
725,621020,2024,30,33,10,2,0.303,0.576,0.415,0.991,7,1,Swanson,Dansby
726,621043,2024,29,26,8,0,0.308,0.385,0.471,0.856,3,0,Correa,Carlos
727,621439,2024,30,30,7,0,0.233,0.333,0.303,0.636,4,0,Buxton,Byron
728,621493,2024,30,42,13,3,0.31,0.571,0.326,0.897,11,1,Ward,Taylor
729,621566,2024,30,37,11,3,0.297,0.703,0.381,1.084,8,0,Olson,Matt
730,623912,2024,29,42,10,0,0.238,0.262,0.238,0.5,3,0,Ramírez,Harold
731,623993,2024,29,37,8,2,0.216,0.432,0.231,0.663,10,0,Santander,Anthony
732,624413,2024,29,42,7,2,0.167,0.31,0.222,0.532,3,0,Alonso,Pete
733,624415,2024,29,28,7,1,0.25,0.429,0.364,0.793,4,0,Biggio,Cavan
734,624424,2024,31,37,13,3,0.351,0.703,0.415,1.118,10,0,Conforto,Michael
735,624585,2024,32,40,9,2,0.225,0.45,0.319,0.769,3,0,Soler,Jorge
736,630105,2024,30,48,15,1,0.313,0.5,0.382,0.882,11,0,Cronenworth,Jake
737,641313,2024,31,42,11,0,0.262,0.286,0.295,0.581,1,1,Anderson,Tim
738,641355,2024,28,39,9,2,0.231,0.41,0.326,0.736,10,0,Bellinger,Cody
739,641487,2024,29,43,6,2,0.14,0.279,0.213,0.492,4,0,Crawford,J.P.
740,641680,2024,29,34,8,0,0.235,0.294,0.235,0.529,4,0,Heim,Jonah
741,641857,2024,29,41,17,2,0.415,0.61,0.468,1.078,8,0,McMahon,Ryan
742,641933,2024,29,28,10,5,0.357,0.893,0.514,1.407,5,1,O'Neill,Tyler
743,642133,2024,29,29,8,1,0.276,0.379,0.4,0.779,6,0,Tellez,Rowdy
744,642350,2024,28,35,9,1,0.257,0.4,0.395,0.795,3,6,Siri,Jose
745,642715,2024,28,35,9,2,0.257,0.457,0.35,0.807,4,1,Adames,Willy
746,642731,2024,28,43,7,1,0.163,0.256,0.159,0.415,6,0,Estrada,Thairo
747,643217,2024,29,39,6,0,0.154,0.154,0.214,0.368,1,0,Benintendi,Andrew
748,643446,2024,32,28,4,1,0.143,0.25,0.273,0.523,1,0,McNeil,Jeff
749,645277,2024,27,38,11,2,0.289,0.526,0.357,0.883,10,1,Albies,Ozzie
750,646240,2024,27,32,7,2,0.219,0.469,0.342,0.811,3,0,Devers,Rafael
751,647304,2024,27,33,10,1,0.303,0.455,0.359,0.814,5,0,Naylor,Josh
752,650333,2024,27,44,11,0,0.25,0.341,0.34,0.681,0,0,Arraez,Luis
753,650402,2024,27,45,10,0,0.222,0.267,0.308,0.575,2,2,Torres,Gleyber
754,650490,2024,32,44,10,1,0.227,0.341,0.286,0.627,9,0,Díaz,Yandy
755,650559,2024,27,48,14,1,0.292,0.375,0.292,0.667,1,0,De La Cruz,Bryan
756,656305,2024,31,44,8,2,0.182,0.364,0.25,0.614,9,0,Chapman,Matt
757,656555,2024,31,29,6,2,0.207,0.414,0.314,0.728,6,0,Hoskins,Rhys
758,656582,2024,31,37,12,1,0.324,0.541,0.444,0.985,9,1,Joe,Connor
759,656941,2024,31,41,9,2,0.22,0.366,0.289,0.655,5,1,Schwarber,Kyle
760,657041,2024,28,39,9,1,0.231,0.308,0.311,0.619,7,6,Thomas,Lane
761,657077,2024,28,38,8,1,0.211,0.316,0.295,0.611,4,0,Verdugo,Alex
762,660162,2024,29,37,10,0,0.27,0.405,0.357,0.762,0,1,Moncada,Yoán
763,660271,2024,29,55,19,3,0.345,0.673,0.383,1.056,8,1,Ohtani,Shohei
764,660670,2024,26,36,8,0,0.222,0.278,0.333,0.611,4,1,Acuña Jr.,Ronald
765,660688,2024,25,31,6,1,0.194,0.29,0.265,0.555,3,0,Ruiz,Keibert
766,661388,2024,26,36,14,2,0.389,0.667,0.439,1.106,9,0,Contreras,William
767,662139,2024,27,30,4,0,0.133,0.167,0.235,0.402,0,0,Varsho,Daulton
768,663538,2024,27,32,5,0,0.156,0.188,0.372,0.56,0,0,Hoerner,Nico
769,663586,2024,27,39,10,2,0.256,0.487,0.31,0.797,8,0,Riley,Austin
770,663624,2024,27,34,10,1,0.294,0.529,0.35,0.879,8,0,Mountcastle,Ryan
771,663647,2024,27,44,13,0,0.295,0.364,0.396,0.76,5,0,Hayes,Ke'Bryan
772,663656,2024,27,44,12,2,0.273,0.455,0.347,0.802,7,1,Tucker,Kyle
773,663697,2024,27,33,8,0,0.242,0.333,0.405,0.738,3,1,India,Jonathan
774,663898,2024,27,38,7,0,0.184,0.237,0.205,0.442,0,0,Rodgers,Brendan
775,664023,2024,29,40,13,0,0.325,0.45,0.438,0.888,8,0,Happ,Ian
776,664761,2024,27,34,8,0,0.235,0.353,0.35,0.703,6,1,Bohm,Alec
777,664774,2024,30,30,10,0,0.333,0.433,0.429,0.862,0,0,Wade Jr.,LaMonte
778,664913,2024,31,32,5,0,0.156,0.156,0.229,0.385,3,0,Brown,Seth
779,665120,2024,30,35,11,1,0.314,0.457,0.385,0.842,5,0,Walsh,Jared
780,665161,2024,26,40,13,2,0.325,0.5,0.357,0.857,7,1,Peña,Jeremy
781,665487,2024,25,49,14,4,0.286,0.551,0.352,0.903,8,2,Tatis Jr.,Fernando
782,665489,2024,25,41,9,2,0.22,0.415,0.347,0.762,4,0,Guerrero Jr.,Vladimir
783,665742,2024,25,42,15,2,0.357,0.548,0.462,1.01,10,0,Soto,Juan
784,665750,2024,25,28,7,0,0.25,0.393,0.344,0.737,1,1,Taveras,Leody
785,665828,2024,25,33,11,2,0.333,0.545,0.389,0.934,8,0,Cabrera,Oswaldo
786,665833,2024,25,46,14,2,0.304,0.457,0.347,0.804,4,1,Cruz,Oneil
787,665839,2024,25,32,4,1,0.125,0.219,0.143,0.362,6,0,Valdez,Enmanuel
788,665862,2024,26,34,7,2,0.206,0.412,0.357,0.769,8,1,Chisholm Jr.,Jazz
789,665926,2024,25,37,12,0,0.324,0.514,0.422,0.936,7,1,Giménez,Andrés
790,666134,2024,26,42,8,0,0.19,0.286,0.292,0.578,4,1,Jones,Nolan
791,666158,2024,26,36,6,0,0.167,0.194,0.211,0.405,1,0,Lux,Gavin
792,666181,2024,26,35,9,2,0.257,0.629,0.333,0.962,6,2,Benson,Will
793,666182,2024,26,35,7,0,0.2,0.314,0.3,0.614,3,0,Bichette,Bo
794,666624,2024,25,40,12,2,0.3,0.525,0.333,0.858,6,0,Morel,Christopher
795,666969,2024,31,41,11,4,0.268,0.585,0.311,0.896,11,1,García,Adolis
796,666971,2024,30,47,14,3,0.298,0.532,0.365,0.897,12,1,Gurriel Jr.,Lourdes
797,668227,2024,29,37,8,2,0.216,0.378,0.293,0.671,4,2,Arozarena,Randy
798,668709,2024,26,39,11,1,0.282,0.462,0.333,0.795,5,0,Bleday,JJ
799,668715,2024,26,37,14,3,0.378,0.757,0.465,1.222,14,2,Steer,Spencer
800,668804,2024,29,48,12,2,0.25,0.458,0.357,0.815,10,0,Reynolds,Bryan
801,668930,2024,24,29,11,1,0.379,0.586,0.424,1.01,7,7,Turang,Brice
802,668939,2024,26,33,10,0,0.303,0.364,0.385,0.749,5,0,Rutschman,Adley
803,669004,2024,25,31,10,3,0.323,0.742,0.382,1.124,8,0,Melendez Jr.,MJ
804,669134,2024,25,40,14,1,0.35,0.5,0.366,0.866,8,0,Campusano,Luis
805,669257,2024,29,45,18,0,0.4,0.489,0.429,0.918,9,0,Smith,Will
806,669261,2024,25,38,8,1,0.211,0.316,0.295,0.611,3,0,Suwinski,Jack
807,669357,2024,24,41,8,2,0.195,0.39,0.267,0.657,7,0,Gorman,Nolan
808,669394,2024,28,42,12,2,0.286,0.476,0.319,0.795,12,0,Burger,Jake
809,669707,2024,26,40,11,1,0.275,0.375,0.356,0.731,5,1,Triolo,Jared
810,670541,2024,27,44,13,4,0.295,0.614,0.367,0.981,9,0,Alvarez,Yordan
811,670623,2024,25,39,10,3,0.256,0.513,0.31,0.823,8,0,Paredes,Isaac
812,671213,2024,24,38,9,1,0.237,0.342,0.326,0.668,3,0,Casas,Triston
813,671289,2024,25,31,6,1,0.194,0.323,0.257,0.58,5,2,Freeman,Tyler
814,671739,2024,23,36,13,2,0.361,0.639,0.425,1.064,6,1,Harris II,Michael
815,672386,2024,25,34,6,0,0.176,0.176,0.237,0.413,7,0,Kirk,Alejandro
816,672515,2024,24,31,5,0,0.161,0.258,0.297,0.555,6,0,Moreno,Gabriel
817,672580,2024,24,41,10,3,0.244,0.561,0.273,0.834,9,1,Garcia,Maikel
818,673237,2024,25,38,12,2,0.316,0.5,0.366,0.866,4,0,Diaz,Yainer
819,673490,2024,28,48,10,1,0.208,0.354,0.291,0.645,7,3,Kim,Ha-Seong
820,673548,2024,29,38,11,2,0.289,0.526,0.383,0.909,12,0,Suzuki,Seiya
821,676059,2024,25,31,6,1,0.194,0.355,0.242,0.597,5,0,Westburg,Jordan
822,676116,2024,28,33,7,0,0.212,0.242,0.316,0.558,1,0,Noda,Ryan
823,676475,2024,25,33,6,0,0.182,0.242,0.206,0.448,2,0,Burleson,Alec
824,676609,2024,27,30,9,0,0.3,0.367,0.333,0.7,3,4,Caballero,José
825,676801,2024,29,33,7,0,0.212,0.273,0.35,0.623,3,1,McCormick,Chas
826,677587,2024,23,33,9,0,0.273,0.424,0.333,0.757,2,0,Rocchio,Brayan
827,677594,2024,23,43,8,0,0.186,0.209,0.239,0.448,3,2,Rodríguez,Julio
828,677951,2024,24,40,14,2,0.35,0.675,0.409,1.084,2,2,Witt Jr.,Bobby
829,678662,2024,22,39,11,2,0.282,0.487,0.364,0.851,6,1,Tovar,Ezequiel
830,678882,2024,23,30,7,0,0.233,0.4,0.286,0.686,5,1,Rafaela,Ceddanne
831,679529,2024,24,42,8,0,0.19,0.262,0.244,0.506,2,0,Torkelson,Spencer
832,680757,2024,26,47,18,1,0.383,0.489,0.396,0.885,3,1,Kwan,Steven
833,680776,2024,27,43,15,1,0.349,0.419,0.404,0.823,5,6,Duran,Jarren
834,680779,2024,24,30,4,0,0.133,0.2,0.243,0.443,2,0,Davis,Henry
835,680869,2024,24,37,9,1,0.243,0.432,0.349,0.781,4,2,Gelof,Zack
836,680977,2024,27,36,10,1,0.278,0.472,0.422,0.894,6,0,Donovan,Brendan
837,681082,2024,26,30,6,0,0.2,0.233,0.324,0.557,3,2,Stott,Bryson
838,681351,2024,24,31,11,1,0.355,0.548,0.429,0.977,6,0,O'Hoppe,Logan
839,681546,2024,27,36,5,1,0.139,0.25,0.262,0.512,4,0,Outman,James
840,682626,2024,22,32,9,1,0.281,0.469,0.324,0.793,4,0,Alvarez,Francisco
841,682829,2024,22,37,11,2,0.297,0.595,0.366,0.961,5,6,De La Cruz,Elly
842,682985,2024,23,36,7,3,0.194,0.472,0.326,0.798,5,0,Greene,Riley
843,682998,2024,23,40,9,0,0.225,0.25,0.34,0.59,1,3,Carroll,Corbin
844,683002,2024,23,34,7,2,0.206,0.441,0.282,0.723,6,2,Henderson,Gunnar
845,683011,2024,23,36,15,2,0.417,0.667,0.488,1.155,6,3,Volpe,Anthony
846,683146,2024,24,36,12,1,0.333,0.417,0.385,0.802,5,0,Baty,Brett
847,683734,2024,26,35,6,0,0.171,0.171,0.256,0.427,2,0,Vaughn,Andrew
848,683737,2024,26,31,8,1,0.258,0.419,0.333,0.752,5,0,Busch,Michael
849,686217,2024,24,30,8,0,0.267,0.3,0.353,0.653,2,2,Frelick,Sal
850,686469,2024,26,33,4,0,0.121,0.121,0.216,0.337,0,0,Pasquantino,Vinnie
851,686668,2024,26,40,11,2,0.275,0.525,0.31,0.835,5,0,Doyle,Brenton
852,687263,2024,23,35,7,0,0.2,0.257,0.243,0.5,4,1,Neto,Zach
853,687363,2024,23,39,3,0,0.077,0.128,0.163,0.291,0,2,Scott II,Victor
854,687952,2024,24,44,6,1,0.136,0.25,0.133,0.383,5,0,Encarnacion-Strand,Christian
855,690993,2024,22,32,8,0,0.25,0.281,0.333,0.614,3,1,Keith,Colt
856,691023,2024,22,33,6,0,0.182,0.273,0.263,0.536,2,0,Walker,Jordan
857,691026,2024,22,30,10,0,0.333,0.4,0.344,0.744,3,1,Winn,Masyn
858,694192,2024,20,36,10,2,0.278,0.472,0.316,0.788,7,1,Chourio,Jackson
859,694384,2024,22,27,2,1,0.074,0.185,0.297,0.482,4,0,Schanuel,Nolan
860,694497,2024,21,29,5,0,0.172,0.276,0.385,0.661,2,1,Carter,Evan
861,694671,2024,22,43,11,0,0.256,0.326,0.298,0.624,6,0,Langford,Wyatt
862,701538,2024,21,37,12,1,0.324,0.459,0.405,0.864,2,1,Merrill,Jackson
863,702358,2024,24,34,9,1,0.265,0.353,0.286,0.639,3,4,Lipscomb III,Trey
864,807799,2024,30,33,8,0,0.242,0.303,0.342,0.645,3,0,Yoshida,Masataka
865,808982,2024,25,42,10,1,0.238,0.333,0.306,0.639,4,0,Lee,Jung Hoo
